{
  "nodePos": {
    "initial": {
      "x": 100,
      "y": 140.5
    },
    "get-health-url": {
      "x": 621,
      "y": 140.5
    },
    "check-health": {
      "x": 1033,
      "y": 469
    },
    "mark-unhealthy": {
      "x": 1473,
      "y": 134
    },
    "update-status": {
      "x": 2054.480393267334,
      "y": 186.8133086328228
    },
    "completed": {
      "x": 2647,
      "y": 190.5
    },
    "__start__": {
      "x": -296,
      "y": 140.5
    }
  }
}