{
  "nodePos": {
    "initial": {
      "x": 100,
      "y": 240
    },
    "register": {
      "x": 657,
      "y": 140
    },
    "update": {
      "x": 657,
      "y": 340
    },
    "upsert-redis": {
      "x": 1088,
      "y": 240
    },
    "check-health-url": {
      "x": 1514,
      "y": 140
    },
    "schedule-health-check": {
      "x": 2060.218223994835,
      "y": 424.55568442866183
    },
    "completed": {
      "x": 2439,
      "y": 140
    },
    "error": {
      "x": 1514,
      "y": 340
    },
    "__start__": {
      "x": -296,
      "y": 240
    }
  }
}